"","nct_id","downcase_mesh_term","mesh_type"
"1","NCT01188486","adenoma","mesh-ancestor"
"2","NCT01123005","hypoxia","mesh-list"
"3","NCT01502761","stroke","mesh-list"
"4","NCT01721603","neoplasms","mesh-ancestor"
"5","NCT02280395","surgical wound","mesh-list"
"6","NCT03206216","ovarian neoplasms","mesh-list"
"7","NCT03206216","peripheral nervous system diseases","mesh-list"
"8","NCT03206216","acute pain","mesh-list"
"9","NCT03206216","pain","mesh-list"
"10","NCT03206216","neuromuscular diseases","mesh-ancestor"
"11","NCT03206216","nervous system diseases","mesh-ancestor"
"12","NCT03206216","endocrine gland neoplasms","mesh-ancestor"
"13","NCT03206216","neoplasms by site","mesh-ancestor"
"14","NCT03206216","neoplasms","mesh-ancestor"
"15","NCT03206216","ovarian diseases","mesh-ancestor"
"16","NCT03206216","adnexal diseases","mesh-ancestor"
"17","NCT03206216","genital neoplasms, female","mesh-ancestor"
"18","NCT03206216","urogenital neoplasms","mesh-ancestor"
"19","NCT03206216","endocrine system diseases","mesh-ancestor"
"20","NCT03206216","gonadal disorders","mesh-ancestor"
"21","NCT03206216","neurologic manifestations","mesh-ancestor"
"22","NCT01238965","rectal neoplasms","mesh-list"
"23","NCT01238965","colonic neoplasms","mesh-list"
"24","NCT01238965","recurrence","mesh-list"
"25","NCT01238965","disease attributes","mesh-ancestor"
"26","NCT01238965","pathologic processes","mesh-ancestor"
"27","NCT01238965","colorectal neoplasms","mesh-ancestor"
"28","NCT01238965","intestinal neoplasms","mesh-ancestor"
"29","NCT01238965","gastrointestinal neoplasms","mesh-ancestor"
"30","NCT01238965","digestive system neoplasms","mesh-ancestor"
"31","NCT01238965","neoplasms by site","mesh-ancestor"
"32","NCT01238965","neoplasms","mesh-ancestor"
"33","NCT01238965","digestive system diseases","mesh-ancestor"
"34","NCT01238965","gastrointestinal diseases","mesh-ancestor"
"35","NCT01238965","colonic diseases","mesh-ancestor"
"36","NCT01238965","intestinal diseases","mesh-ancestor"
"37","NCT01238965","rectal diseases","mesh-ancestor"
"38","NCT01138553","breast neoplasms","mesh-list"
"39","NCT01138553","carcinoma in situ","mesh-list"
"40","NCT01138553","carcinoma, ductal","mesh-list"
"41","NCT01138553","carcinoma, intraductal, noninfiltrating","mesh-list"
"42","NCT01138553","neoplasms by site","mesh-ancestor"
"43","NCT01138553","neoplasms","mesh-ancestor"
"44","NCT01138553","breast diseases","mesh-ancestor"
"45","NCT01138553","skin diseases","mesh-ancestor"
"46","NCT01138553","carcinoma","mesh-ancestor"
"47","NCT01138553","neoplasms, glandular and epithelial","mesh-ancestor"
"48","NCT01138553","neoplasms by histologic type","mesh-ancestor"
"49","NCT01138553","adenocarcinoma","mesh-ancestor"
"50","NCT01138553","neoplasms, ductal, lobular, and medullary","mesh-ancestor"
"51","NCT01138553","breast carcinoma in situ","mesh-ancestor"
"52","NCT01153919","hepatitis a","mesh-list"
"53","NCT01153919","hepatitis c","mesh-list"
"54","NCT01153919","hepatitis","mesh-list"
"55","NCT01153919","thrombocytopenia","mesh-list"
"56","NCT01153919","liver diseases","mesh-ancestor"
"57","NCT01153919","digestive system diseases","mesh-ancestor"
"58","NCT01153919","hepatitis, viral, human","mesh-ancestor"
"59","NCT01153919","virus diseases","mesh-ancestor"
"60","NCT01153919","infections","mesh-ancestor"
"61","NCT01153919","enterovirus infections","mesh-ancestor"
"62","NCT01153919","picornaviridae infections","mesh-ancestor"
"63","NCT01153919","rna virus infections","mesh-ancestor"
"64","NCT01153919","blood-borne infections","mesh-ancestor"
"65","NCT01153919","communicable diseases","mesh-ancestor"
"66","NCT01153919","flaviviridae infections","mesh-ancestor"
"67","NCT01153919","blood platelet disorders","mesh-ancestor"
"68","NCT01153919","hematologic diseases","mesh-ancestor"
"69","NCT02457988","liver cirrhosis","mesh-list"
"70","NCT02457988","fibrosis","mesh-list"
"71","NCT02457988","pathologic processes","mesh-ancestor"
"72","NCT02457988","liver diseases","mesh-ancestor"
"73","NCT02457988","digestive system diseases","mesh-ancestor"
"74","NCT02436460","graft vs host disease","mesh-list"
"75","NCT02436460","immune system diseases","mesh-ancestor"
"76","NCT02967380","cerebral ventricle neoplasms","mesh-ancestor"
"77","NCT02067884","breast neoplasms","mesh-list"
"78","NCT02067884","neoplasms by site","mesh-ancestor"
"79","NCT02067884","neoplasms","mesh-ancestor"
"80","NCT02067884","breast diseases","mesh-ancestor"
"81","NCT02067884","skin diseases","mesh-ancestor"
"82","NCT01192776","brain diseases","mesh-list"
"83","NCT01192776","brain ischemia","mesh-list"
"84","NCT01192776","hypoxia-ischemia, brain","mesh-list"
"85","NCT01192776","hypoxia, brain","mesh-list"
"86","NCT01192776","ischemia","mesh-list"
"87","NCT01192776","hypoxia","mesh-list"
"88","NCT01192776","pathologic processes","mesh-ancestor"
"89","NCT01192776","signs and symptoms, respiratory","mesh-ancestor"
"90","NCT01192776","central nervous system diseases","mesh-ancestor"
"91","NCT01192776","nervous system diseases","mesh-ancestor"
"92","NCT01192776","cerebrovascular disorders","mesh-ancestor"
"93","NCT01192776","vascular diseases","mesh-ancestor"
"94","NCT01192776","cardiovascular diseases","mesh-ancestor"
"95","NCT02075190","depression","mesh-list"
"96","NCT02075190","behavioral symptoms","mesh-ancestor"
"97","NCT02049801","leukemia","mesh-list"
"98","NCT02049801","leukemia, myeloid","mesh-list"
"99","NCT02049801","leukemia, myeloid, acute","mesh-list"
"100","NCT02049801","leukemia, monocytic, acute","mesh-list"
"101","NCT02049801","leukemia, myelomonocytic, acute","mesh-list"
"102","NCT02049801","leukemia, erythroblastic, acute","mesh-list"
"103","NCT02049801","neoplasms by histologic type","mesh-ancestor"
"104","NCT02049801","neoplasms","mesh-ancestor"
"105","NCT02049801","myeloproliferative disorders","mesh-ancestor"
"106","NCT02049801","bone marrow diseases","mesh-ancestor"
"107","NCT02049801","hematologic diseases","mesh-ancestor"
"108","NCT02057991","anxiety disorders","mesh-list"
"109","NCT02057991","mental disorders","mesh-ancestor"
"110","NCT01302405","neoplasms","mesh-list"
"111","NCT02728700","lymphoma","mesh-list"
"112","NCT02728700","leukemia","mesh-list"
"113","NCT02728700","leukemia, myeloid","mesh-list"
"114","NCT02728700","leukemia, myeloid, acute","mesh-list"
"115","NCT02728700","preleukemia","mesh-list"
"116","NCT02728700","lymphoma, non-hodgkin","mesh-list"
"117","NCT02728700","precursor cell lymphoblastic leukemia-lymphoma","mesh-list"
"118","NCT02728700","leukemia, lymphoid","mesh-list"
"119","NCT02728700","hodgkin disease","mesh-list"
"120","NCT02728700","leukemia, myelogenous, chronic, bcr-abl positive","mesh-list"
"121","NCT02728700","hematologic neoplasms","mesh-list"
"122","NCT02728700","leukemia, myeloid, chronic-phase","mesh-list"
"123","NCT02728700","blast crisis","mesh-list"
"124","NCT02728700","myelodysplastic syndromes","mesh-list"
"125","NCT02728700","primary myelofibrosis","mesh-list"
"126","NCT02728700","syndrome","mesh-list"
"127","NCT02728700","recurrence","mesh-list"
"128","NCT02728700","neoplasms by histologic type","mesh-ancestor"
"129","NCT02728700","neoplasms","mesh-ancestor"
"130","NCT02728700","lymphoproliferative disorders","mesh-ancestor"
"131","NCT02728700","lymphatic diseases","mesh-ancestor"
"132","NCT02728700","immunoproliferative disorders","mesh-ancestor"
"133","NCT02728700","immune system diseases","mesh-ancestor"
"134","NCT02728700","disease","mesh-ancestor"
"135","NCT02728700","pathologic processes","mesh-ancestor"
"136","NCT02728700","disease attributes","mesh-ancestor"
"137","NCT02728700","bone marrow diseases","mesh-ancestor"
"138","NCT02728700","hematologic diseases","mesh-ancestor"
"139","NCT02728700","precancerous conditions","mesh-ancestor"
"140","NCT02728700","myeloproliferative disorders","mesh-ancestor"
"141","NCT02728700","neoplasms by site","mesh-ancestor"
"142","NCT02728700","cell transformation, neoplastic","mesh-ancestor"
"143","NCT02728700","carcinogenesis","mesh-ancestor"
"144","NCT02728700","neoplastic processes","mesh-ancestor"
"145","NCT02719730","obesity","mesh-list"
"146","NCT02719730","overnutrition","mesh-ancestor"
"147","NCT02719730","nutrition disorders","mesh-ancestor"
"148","NCT02719730","overweight","mesh-ancestor"
"149","NCT02719730","body weight","mesh-ancestor"
"150","NCT02635074","leukemia","mesh-list"
"151","NCT02635074","leukemia, myeloid","mesh-list"
"152","NCT02635074","leukemia, myeloid, acute","mesh-list"
"153","NCT02635074","neoplasms by histologic type","mesh-ancestor"
"154","NCT02635074","neoplasms","mesh-ancestor"
"155","NCT02429804","prostatic neoplasms","mesh-list"
"156","NCT02429804","neoplasms","mesh-list"
"157","NCT02429804","genital neoplasms, male","mesh-ancestor"
"158","NCT02429804","urogenital neoplasms","mesh-ancestor"
"159","NCT02429804","neoplasms by site","mesh-ancestor"
"160","NCT02429804","prostatic diseases","mesh-ancestor"
"161","NCT01373918","cholestasis","mesh-list"
"162","NCT01373918","gastrointestinal diseases","mesh-list"
"163","NCT01373918","digestive system diseases","mesh-list"
"164","NCT01373918","bile duct diseases","mesh-ancestor"
"165","NCT01373918","biliary tract diseases","mesh-ancestor"
"166","NCT01061671","lung diseases","mesh-list"
"167","NCT01061671","pulmonary disease, chronic obstructive","mesh-list"
"168","NCT01061671","respiratory tract diseases","mesh-ancestor"
"169","NCT01061671","lung diseases, obstructive","mesh-ancestor"
"170","NCT02508441","neoplasms","mesh-list"
"171","NCT00771862","phantom limb","mesh-list"
"172","NCT00771862","perceptual disorders","mesh-ancestor"
"173","NCT00771862","neurobehavioral manifestations","mesh-ancestor"
"174","NCT00771862","neurologic manifestations","mesh-ancestor"
"175","NCT00771862","nervous system diseases","mesh-ancestor"
"176","NCT00771862","pain, postoperative","mesh-ancestor"
"177","NCT00771862","postoperative complications","mesh-ancestor"
"178","NCT00771862","pathologic processes","mesh-ancestor"
"179","NCT00771862","pain","mesh-ancestor"
"180","NCT00751101","breast neoplasms","mesh-list"
"181","NCT00751101","hand-foot syndrome","mesh-list"
"182","NCT00751101","neoplasms by site","mesh-ancestor"
"183","NCT00751101","neoplasms","mesh-ancestor"
"184","NCT00751101","breast diseases","mesh-ancestor"
"185","NCT00751101","skin diseases","mesh-ancestor"
"186","NCT00751101","drug eruptions","mesh-ancestor"
"187","NCT00751101","dermatitis","mesh-ancestor"
"188","NCT00751101","drug hypersensitivity","mesh-ancestor"
"189","NCT00751101","drug-related side effects and adverse reactions","mesh-ancestor"
"190","NCT00751101","chemically-induced disorders","mesh-ancestor"
"191","NCT01769222","lymphatic diseases","mesh-ancestor"
"192","NCT02567448","apnea","mesh-list"
"193","NCT02567448","sleep apnea syndromes","mesh-list"
"194","NCT02567448","sleep apnea, obstructive","mesh-list"
"195","NCT02567448","respiration disorders","mesh-ancestor"
"196","NCT02567448","respiratory tract diseases","mesh-ancestor"
"197","NCT02567448","signs and symptoms, respiratory","mesh-ancestor"
"198","NCT02567448","sleep disorders, intrinsic","mesh-ancestor"
"199","NCT02567448","dyssomnias","mesh-ancestor"
"200","NCT02567448","sleep wake disorders","mesh-ancestor"
"201","NCT02567448","nervous system diseases","mesh-ancestor"
"202","NCT02566278","sleep apnea syndromes","mesh-list"
"203","NCT02566278","sleep apnea, obstructive","mesh-list"
"204","NCT02566278","apnea","mesh-ancestor"
"205","NCT02566278","respiration disorders","mesh-ancestor"
"206","NCT02566278","respiratory tract diseases","mesh-ancestor"
"207","NCT02566278","sleep disorders, intrinsic","mesh-ancestor"
"208","NCT02566278","dyssomnias","mesh-ancestor"
"209","NCT02566278","sleep wake disorders","mesh-ancestor"
"210","NCT02566278","nervous system diseases","mesh-ancestor"
"211","NCT01046773","crohn disease","mesh-list"
"212","NCT01046773","vitamin d deficiency","mesh-list"
"213","NCT01046773","inflammatory bowel diseases","mesh-ancestor"
"214","NCT01046773","gastroenteritis","mesh-ancestor"
"215","NCT01046773","gastrointestinal diseases","mesh-ancestor"
"216","NCT01046773","digestive system diseases","mesh-ancestor"
"217","NCT01046773","intestinal diseases","mesh-ancestor"
"218","NCT01046773","avitaminosis","mesh-ancestor"
"219","NCT01046773","deficiency diseases","mesh-ancestor"
"220","NCT01046773","malnutrition","mesh-ancestor"
"221","NCT01046773","nutrition disorders","mesh-ancestor"
"222","NCT02591381","urinary incontinence, stress","mesh-list"
"223","NCT02591381","urinary incontinence","mesh-ancestor"
"224","NCT02591381","urination disorders","mesh-ancestor"
"225","NCT02591381","urologic diseases","mesh-ancestor"
"226","NCT02591381","lower urinary tract symptoms","mesh-ancestor"
"227","NCT02591381","urological manifestations","mesh-ancestor"
"228","NCT01094587","gastroschisis","mesh-list"
"229","NCT01094587","musculoskeletal abnormalities","mesh-ancestor"
"230","NCT01094587","musculoskeletal diseases","mesh-ancestor"
"231","NCT01094587","congenital abnormalities","mesh-ancestor"
"232","NCT01094587","hernia, abdominal","mesh-ancestor"
"233","NCT01094587","hernia","mesh-ancestor"
"234","NCT01094587","pathological conditions, anatomical","mesh-ancestor"
"235","NCT00481832","lymphoma","mesh-list"
"236","NCT00481832","lymphoma, non-hodgkin","mesh-list"
"237","NCT00481832","neoplasms by histologic type","mesh-ancestor"
"238","NCT00481832","neoplasms","mesh-ancestor"
"239","NCT00481832","lymphoproliferative disorders","mesh-ancestor"
"240","NCT00481832","lymphatic diseases","mesh-ancestor"
"241","NCT00481832","immunoproliferative disorders","mesh-ancestor"
"242","NCT00481832","immune system diseases","mesh-ancestor"
"243","NCT01745354","hodgkin disease","mesh-list"
"244","NCT01188486","lung neoplasms","mesh-list"
"245","NCT01188486","small cell lung carcinoma","mesh-list"
"246","NCT01188486","mesothelioma","mesh-list"
"247","NCT01188486","carcinoma, non-small-cell lung","mesh-list"
"248","NCT01188486","respiratory tract neoplasms","mesh-ancestor"
"249","NCT01188486","thoracic neoplasms","mesh-ancestor"
"250","NCT01188486","neoplasms by site","mesh-ancestor"
"251","NCT01188486","neoplasms","mesh-ancestor"
"252","NCT01188486","lung diseases","mesh-ancestor"
"253","NCT01188486","respiratory tract diseases","mesh-ancestor"
"254","NCT01188486","carcinoma, bronchogenic","mesh-ancestor"
"255","NCT01188486","bronchial neoplasms","mesh-ancestor"
"256","NCT01188486","neoplasms, glandular and epithelial","mesh-ancestor"
"257","NCT01188486","neoplasms by histologic type","mesh-ancestor"
"258","NCT01188486","neoplasms, mesothelial","mesh-ancestor"
"259","NCT01123005","signs and symptoms, respiratory","mesh-ancestor"
"260","NCT01261299","neoplasms","mesh-list"
"261","NCT01261299","carcinoma, non-small-cell lung","mesh-list"
"262","NCT01261299","urinary bladder neoplasms","mesh-list"
"263","NCT01261299","carcinoma, bronchogenic","mesh-ancestor"
"264","NCT01261299","bronchial neoplasms","mesh-ancestor"
"265","NCT01261299","lung neoplasms","mesh-ancestor"
"266","NCT01261299","respiratory tract neoplasms","mesh-ancestor"
"267","NCT01261299","thoracic neoplasms","mesh-ancestor"
"268","NCT01261299","neoplasms by site","mesh-ancestor"
"269","NCT01261299","lung diseases","mesh-ancestor"
"270","NCT01261299","respiratory tract diseases","mesh-ancestor"
"271","NCT01261299","urologic neoplasms","mesh-ancestor"
"272","NCT01261299","urogenital neoplasms","mesh-ancestor"
"273","NCT01261299","urinary bladder diseases","mesh-ancestor"
"274","NCT01261299","urologic diseases","mesh-ancestor"
"275","NCT01987375","head and neck neoplasms","mesh-list"
"276","NCT01987375","neoplasms by site","mesh-ancestor"
"277","NCT01987375","neoplasms","mesh-ancestor"
"278","NCT02967380","ependymoma","mesh-list"
"279","NCT02967380","gliosarcoma","mesh-list"
"280","NCT02967380","medulloblastoma","mesh-list"
"281","NCT02967380","oligodendroglioma","mesh-list"
"282","NCT02967380","neuroectodermal tumors","mesh-list"
"283","NCT02967380","neuroectodermal tumors, primitive","mesh-list"
"284","NCT02967380","brain neoplasms","mesh-list"
"285","NCT02967380","pinealoma","mesh-list"
"286","NCT02967380","hemangiopericytoma","mesh-list"
"287","NCT02967380","solitary fibrous tumors","mesh-list"
"288","NCT02967380","choroid plexus neoplasms","mesh-list"
"289","NCT02967380","multiple sclerosis","mesh-list"
"290","NCT02967380","sclerosis","mesh-list"
"291","NCT02967380","pathologic processes","mesh-ancestor"
"292","NCT02967380","demyelinating autoimmune diseases, cns","mesh-ancestor"
"293","NCT02967380","autoimmune diseases of the nervous system","mesh-ancestor"
"294","NCT02967380","nervous system diseases","mesh-ancestor"
"295","NCT02967380","demyelinating diseases","mesh-ancestor"
"296","NCT02967380","autoimmune diseases","mesh-ancestor"
"297","NCT02967380","immune system diseases","mesh-ancestor"
"298","NCT02967380","neoplasms, neuroepithelial","mesh-ancestor"
"299","NCT02967380","neoplasms, germ cell and embryonal","mesh-ancestor"
"300","NCT02967380","neoplasms by histologic type","mesh-ancestor"
"301","NCT02967380","neoplasms, glandular and epithelial","mesh-ancestor"
"302","NCT02967380","neoplasms, nerve tissue","mesh-ancestor"
"303","NCT02967380","neoplasms, vascular tissue","mesh-ancestor"
"304","NCT02967380","meningeal neoplasms","mesh-ancestor"
"305","NCT02967380","central nervous system neoplasms","mesh-ancestor"
"306","NCT02967380","nervous system neoplasms","mesh-ancestor"
"307","NCT02967380","neoplasms by site","mesh-ancestor"
"308","NCT02967380","brain diseases","mesh-ancestor"
"309","NCT02967380","central nervous system diseases","mesh-ancestor"
"310","NCT02967380","neoplasms, fibrous tissue","mesh-ancestor"
"311","NCT02967380","neoplasms, connective tissue","mesh-ancestor"
"312","NCT02967380","neoplasms, connective and soft tissue","mesh-ancestor"
"313","NCT02855086","nervous system diseases","mesh-ancestor"
"314","NCT02586415","stroke","mesh-list"
"315","NCT00556907","carcinoma","mesh-ancestor"
"316","NCT01502761","cerebrovascular disorders","mesh-ancestor"
"317","NCT01502761","brain diseases","mesh-ancestor"
"318","NCT01695473","prostatic neoplasms","mesh-list"
"319","NCT01695473","genital neoplasms, male","mesh-ancestor"
"320","NCT01695473","urogenital neoplasms","mesh-ancestor"
"321","NCT01695473","neoplasms by site","mesh-ancestor"
"322","NCT01695473","neoplasms","mesh-ancestor"
"323","NCT01695473","prostatic diseases","mesh-ancestor"
"324","NCT01737593","psychomotor agitation","mesh-list"
"325","NCT01737593","emergence delirium","mesh-list"
"326","NCT01737593","dyskinesias","mesh-ancestor"
"327","NCT01737593","neurologic manifestations","mesh-ancestor"
"328","NCT01737593","nervous system diseases","mesh-ancestor"
"329","NCT01737593","psychomotor disorders","mesh-ancestor"
"330","NCT01737593","neurobehavioral manifestations","mesh-ancestor"
"331","NCT01737593","delirium","mesh-ancestor"
"332","NCT01737593","confusion","mesh-ancestor"
"333","NCT01737593","postoperative complications","mesh-ancestor"
"334","NCT01737593","pathologic processes","mesh-ancestor"
"335","NCT01737593","neurocognitive disorders","mesh-ancestor"
"336","NCT01737593","mental disorders","mesh-ancestor"
"337","NCT01721603","melanoma","mesh-list"
"338","NCT01721603","neuroendocrine tumors","mesh-ancestor"
"339","NCT01721603","neuroectodermal tumors","mesh-ancestor"
"340","NCT01721603","neoplasms, germ cell and embryonal","mesh-ancestor"
"341","NCT01721603","neoplasms by histologic type","mesh-ancestor"
"342","NCT01721603","neoplasms, nerve tissue","mesh-ancestor"
"343","NCT01721603","nevi and melanomas","mesh-ancestor"
"344","NCT01709474","lupus erythematosus, systemic","mesh-list"
"345","NCT01709474","connective tissue diseases","mesh-ancestor"
"346","NCT01709474","autoimmune diseases","mesh-ancestor"
"347","NCT01709474","immune system diseases","mesh-ancestor"
"348","NCT01769222","neoplasms by histologic type","mesh-ancestor"
"349","NCT01769222","neoplasms","mesh-ancestor"
"350","NCT01769222","bacterial infections and mycoses","mesh-ancestor"
"351","NCT01769222","neoplasms, plasma cell","mesh-ancestor"
"352","NCT01769222","vascular diseases","mesh-ancestor"
"353","NCT01769222","cardiovascular diseases","mesh-ancestor"
"354","NCT01769222","paraproteinemias","mesh-ancestor"
"355","NCT01769222","blood protein disorders","mesh-ancestor"
"356","NCT01769222","hematologic diseases","mesh-ancestor"
"357","NCT01769222","hemorrhagic disorders","mesh-ancestor"
"358","NCT01769222","precancerous conditions","mesh-ancestor"
"359","NCT01769222","lymphadenopathy","mesh-ancestor"
"360","NCT01769222","eye neoplasms","mesh-ancestor"
"361","NCT01928030","neoplasms","mesh-list"
"362","NCT01928030","lymphedema","mesh-list"
"363","NCT01928030","lymphatic diseases","mesh-ancestor"
"364","NCT02745353","constipation","mesh-list"
"365","NCT02745353","opioid-induced constipation","mesh-list"
"366","NCT02745353","signs and symptoms, digestive","mesh-ancestor"
"367","NCT02745353","narcotic-related disorders","mesh-ancestor"
"368","NCT02745353","substance-related disorders","mesh-ancestor"
"369","NCT02745353","chemically-induced disorders","mesh-ancestor"
"370","NCT02745353","mental disorders","mesh-ancestor"
"371","NCT01965002","soft tissue neoplasms","mesh-list"
"372","NCT01965002","neoplasms by site","mesh-ancestor"
"373","NCT01965002","neoplasms","mesh-ancestor"
"374","NCT02524106","cardiovascular diseases","mesh-list"
"375","NCT02524106","dyslipidemias","mesh-list"
"376","NCT02524106","lipid metabolism disorders","mesh-ancestor"
"377","NCT02524106","metabolic diseases","mesh-ancestor"
"378","NCT02428309","lupus erythematosus, systemic","mesh-list"
"379","NCT02428309","lupus erythematosus, cutaneous","mesh-list"
"380","NCT02428309","lupus erythematosus, discoid","mesh-list"
"381","NCT02428309","connective tissue diseases","mesh-ancestor"
"382","NCT02428309","autoimmune diseases","mesh-ancestor"
"383","NCT02428309","immune system diseases","mesh-ancestor"
"384","NCT02428309","skin diseases","mesh-ancestor"
"385","NCT02605304","hepatitis c","mesh-list"
"386","NCT02605304","hepatitis","mesh-list"
"387","NCT02605304","liver diseases","mesh-ancestor"
"388","NCT02605304","digestive system diseases","mesh-ancestor"
"389","NCT02605304","hepatitis, viral, human","mesh-ancestor"
"390","NCT02605304","virus diseases","mesh-ancestor"
"391","NCT02605304","infections","mesh-ancestor"
"392","NCT02605304","rna virus infections","mesh-ancestor"
"393","NCT02605304","blood-borne infections","mesh-ancestor"
"394","NCT02605304","communicable diseases","mesh-ancestor"
"395","NCT02605304","flaviviridae infections","mesh-ancestor"
"396","NCT03028987","influenza, human","mesh-list"
"397","NCT03028987","infections","mesh-ancestor"
"398","NCT03028987","respiratory tract infections","mesh-ancestor"
"399","NCT03028987","orthomyxoviridae infections","mesh-ancestor"
"400","NCT03028987","rna virus infections","mesh-ancestor"
"401","NCT03028987","virus diseases","mesh-ancestor"
"402","NCT03028987","respiratory tract diseases","mesh-ancestor"
"403","NCT02280395","infections","mesh-list"
"404","NCT02280395","communicable diseases","mesh-list"
"405","NCT02280395","wound infection","mesh-list"
"406","NCT02280395","surgical wound infection","mesh-list"
"407","NCT02280395","wounds and injuries","mesh-list"
"408","NCT02280395","disease attributes","mesh-ancestor"
"409","NCT02280395","pathologic processes","mesh-ancestor"
"410","NCT02280395","postoperative complications","mesh-ancestor"
"411","NCT01211756","disease","mesh-list"
"412","NCT01211756","depressive disorder","mesh-list"
"413","NCT01211756","depressive disorder, major","mesh-list"
"414","NCT01211756","dysthymic disorder","mesh-list"
"415","NCT01211756","pathologic processes","mesh-ancestor"
"416","NCT01211756","mood disorders","mesh-ancestor"
"417","NCT01211756","mental disorders","mesh-ancestor"
"418","NCT03061279","fractures, bone","mesh-list"
"419","NCT03061279","ankle fractures","mesh-list"
"420","NCT03061279","wounds and injuries","mesh-ancestor"
"421","NCT02757547","epilepsy","mesh-list"
"422","NCT02757547","brain diseases","mesh-ancestor"
"423","NCT02757547","central nervous system diseases","mesh-ancestor"
"424","NCT02757547","nervous system diseases","mesh-ancestor"
"425","NCT02177773","neuroblastoma","mesh-list"
"426","NCT02177773","neuroendocrine tumors","mesh-list"
"427","NCT02177773","carcinoid tumor","mesh-list"
"428","NCT02177773","paraganglioma","mesh-list"
"429","NCT02177773","neoplasms","mesh-ancestor"
"430","NCT02177773","neuroectodermal tumors, primitive, peripheral","mesh-ancestor"
"431","NCT02177773","neuroectodermal tumors, primitive","mesh-ancestor"
"432","NCT02177773","neoplasms, neuroepithelial","mesh-ancestor"
"433","NCT02177773","neuroectodermal tumors","mesh-ancestor"
"434","NCT02177773","neoplasms, germ cell and embryonal","mesh-ancestor"
"435","NCT02177773","neoplasms by histologic type","mesh-ancestor"
"436","NCT02177773","neoplasms, glandular and epithelial","mesh-ancestor"
"437","NCT02177773","neoplasms, nerve tissue","mesh-ancestor"
"438","NCT02177773","adenocarcinoma","mesh-ancestor"
"439","NCT02177773","carcinoma","mesh-ancestor"
"440","NCT01364259","trigeminal neuralgia","mesh-list"
"441","NCT01364259","neuralgia","mesh-list"
"442","NCT01364259","peripheral nervous system diseases","mesh-ancestor"
"443","NCT01364259","neuromuscular diseases","mesh-ancestor"
"444","NCT01364259","nervous system diseases","mesh-ancestor"
"445","NCT01364259","pain","mesh-ancestor"
"446","NCT01364259","neurologic manifestations","mesh-ancestor"
"447","NCT01364259","trigeminal nerve diseases","mesh-ancestor"
"448","NCT01364259","facial neuralgia","mesh-ancestor"
"449","NCT01364259","facial nerve diseases","mesh-ancestor"
"450","NCT01364259","mouth diseases","mesh-ancestor"
"451","NCT01364259","stomatognathic diseases","mesh-ancestor"
"452","NCT02215161","neoplasms, glandular and epithelial","mesh-ancestor"
"453","NCT02215161","neoplasms by histologic type","mesh-ancestor"
"454","NCT02215161","genital neoplasms, male","mesh-ancestor"
"455","NCT02215161","urogenital neoplasms","mesh-ancestor"
"456","NCT02215161","neoplasms by site","mesh-ancestor"
"457","NCT02215161","prostatic diseases","mesh-ancestor"
"458","NCT01472445","breast neoplasms","mesh-list"
"459","NCT01472445","neoplasms by site","mesh-ancestor"
"460","NCT01472445","neoplasms","mesh-ancestor"
"461","NCT01472445","breast diseases","mesh-ancestor"
"462","NCT01472445","skin diseases","mesh-ancestor"
"463","NCT01442714","leukemia","mesh-list"
"464","NCT01442714","leukemia, myeloid","mesh-list"
"465","NCT01442714","leukemia, myeloid, acute","mesh-list"
"466","NCT01442714","preleukemia","mesh-list"
"467","NCT01442714","myelodysplastic syndromes","mesh-list"
"468","NCT01442714","neoplasms by histologic type","mesh-ancestor"
"469","NCT01442714","neoplasms","mesh-ancestor"
"470","NCT01442714","bone marrow diseases","mesh-ancestor"
"471","NCT01442714","hematologic diseases","mesh-ancestor"
"472","NCT01442714","precancerous conditions","mesh-ancestor"
"473","NCT01402544","macular degeneration","mesh-list"
"474","NCT01402544","retinal degeneration","mesh-ancestor"
"475","NCT01402544","retinal diseases","mesh-ancestor"
"476","NCT01402544","eye diseases","mesh-ancestor"
"477","NCT00568633","leukemia","mesh-list"
"478","NCT00568633","leukemia, myeloid","mesh-list"
"479","NCT00568633","leukemia, myeloid, acute","mesh-list"
"480","NCT00568633","neoplasms by histologic type","mesh-ancestor"
"481","NCT00568633","neoplasms","mesh-ancestor"
"482","NCT01893879","lymphedema","mesh-list"
"483","NCT01893879","lymphatic diseases","mesh-ancestor"
"484","NCT01745354","lymphoma","mesh-list"
"485","NCT01745354","immunoproliferative disorders","mesh-ancestor"
"486","NCT01745354","immune system diseases","mesh-ancestor"
"487","NCT01773746","premature birth","mesh-list"
"488","NCT01773746","obstetric labor, premature","mesh-ancestor"
"489","NCT01773746","obstetric labor complications","mesh-ancestor"
"490","NCT01773746","pregnancy complications","mesh-ancestor"
"491","NCT01801046","leukemia","mesh-list"
"492","NCT01801046","leukemia, myeloid","mesh-list"
"493","NCT01801046","leukemia, myeloid, acute","mesh-list"
"494","NCT01801046","leukemia, myelomonocytic, acute","mesh-list"
"495","NCT01801046","leukemia, myelomonocytic, chronic","mesh-list"
"496","NCT01801046","leukemia, monocytic, acute","mesh-list"
"497","NCT01801046","leukemia, megakaryoblastic, acute","mesh-list"
"498","NCT01801046","leukemia, erythroblastic, acute","mesh-list"
"499","NCT01801046","recurrence","mesh-list"
"500","NCT01801046","neoplasms by histologic type","mesh-ancestor"
"501","NCT01801046","neoplasms","mesh-ancestor"
"502","NCT01801046","disease attributes","mesh-ancestor"
"503","NCT01801046","pathologic processes","mesh-ancestor"
"504","NCT01801046","myelodysplastic-myeloproliferative diseases","mesh-ancestor"
"505","NCT01801046","bone marrow diseases","mesh-ancestor"
"506","NCT01801046","hematologic diseases","mesh-ancestor"
"507","NCT01801046","myeloproliferative disorders","mesh-ancestor"
"508","NCT01821443","neoplasm metastasis","mesh-list"
"509","NCT01821443","brain neoplasms","mesh-list"
"510","NCT01821443","neoplastic processes","mesh-ancestor"
"511","NCT01821443","neoplasms","mesh-ancestor"
"512","NCT01821443","pathologic processes","mesh-ancestor"
"513","NCT01821443","central nervous system neoplasms","mesh-ancestor"
"514","NCT01821443","nervous system neoplasms","mesh-ancestor"
"515","NCT01821443","neoplasms by site","mesh-ancestor"
"516","NCT01821443","brain diseases","mesh-ancestor"
"517","NCT01821443","central nervous system diseases","mesh-ancestor"
"518","NCT01821443","nervous system diseases","mesh-ancestor"
"519","NCT01963403","uterine diseases","mesh-ancestor"
"520","NCT01841307","respiratory tract diseases","mesh-ancestor"
"521","NCT01841307","respiration disorders","mesh-ancestor"
"522","NCT01857752","retinoblastoma","mesh-list"
"523","NCT01857752","neoplasms, neuroepithelial","mesh-ancestor"
"524","NCT01857752","neuroectodermal tumors","mesh-ancestor"
"525","NCT01857752","neoplasms, germ cell and embryonal","mesh-ancestor"
"526","NCT01857752","neoplasms by histologic type","mesh-ancestor"
"527","NCT01857752","neoplasms","mesh-ancestor"
"528","NCT01857752","neoplasms, glandular and epithelial","mesh-ancestor"
"529","NCT01857752","neoplasms, nerve tissue","mesh-ancestor"
"530","NCT01857752","retinal neoplasms","mesh-ancestor"
"531","NCT01857752","eye neoplasms","mesh-ancestor"
"532","NCT01857752","neoplasms by site","mesh-ancestor"
"533","NCT01857752","eye diseases, hereditary","mesh-ancestor"
"534","NCT01857752","eye diseases","mesh-ancestor"
"535","NCT01857752","retinal diseases","mesh-ancestor"
"536","NCT01904643","leukemia","mesh-list"
"537","NCT01904643","leukemia, myeloid","mesh-list"
"538","NCT01904643","leukemia, myeloid, acute","mesh-list"
"539","NCT01904643","leukemia, monocytic, acute","mesh-list"
"540","NCT01904643","leukemia, myelomonocytic, acute","mesh-list"
"541","NCT01904643","leukemia, megakaryoblastic, acute","mesh-list"
"542","NCT01904643","leukemia, erythroblastic, acute","mesh-list"
"543","NCT01904643","neoplasms by histologic type","mesh-ancestor"
"544","NCT01904643","neoplasms","mesh-ancestor"
"545","NCT01904643","myeloproliferative disorders","mesh-ancestor"
"546","NCT01904643","bone marrow diseases","mesh-ancestor"
"547","NCT01904643","hematologic diseases","mesh-ancestor"
"548","NCT01290523","carcinoma","mesh-list"
"549","NCT01290523","carcinoma, hepatocellular","mesh-list"
"550","NCT01290523","neoplasms, glandular and epithelial","mesh-ancestor"
"551","NCT01290523","neoplasms by histologic type","mesh-ancestor"
"552","NCT01290523","neoplasms","mesh-ancestor"
"553","NCT01290523","adenocarcinoma","mesh-ancestor"
"554","NCT01290523","liver neoplasms","mesh-ancestor"
"555","NCT01290523","digestive system neoplasms","mesh-ancestor"
"556","NCT01290523","neoplasms by site","mesh-ancestor"
"557","NCT01290523","digestive system diseases","mesh-ancestor"
"558","NCT01290523","liver diseases","mesh-ancestor"
"559","NCT01313884","sarcoma","mesh-list"
"560","NCT01313884","sarcoma, ewing","mesh-list"
"561","NCT01313884","bone neoplasms","mesh-list"
"562","NCT01313884","neoplasms, connective and soft tissue","mesh-ancestor"
"563","NCT01313884","neoplasms by histologic type","mesh-ancestor"
"564","NCT01313884","neoplasms","mesh-ancestor"
"565","NCT01313884","osteosarcoma","mesh-ancestor"
"566","NCT01313884","neoplasms, bone tissue","mesh-ancestor"
"567","NCT01313884","neoplasms, connective tissue","mesh-ancestor"
"568","NCT01313884","neoplasms by site","mesh-ancestor"
"569","NCT01313884","bone diseases","mesh-ancestor"
"570","NCT01313884","musculoskeletal diseases","mesh-ancestor"
"571","NCT00556907","carcinoma in situ","mesh-list"
"572","NCT00556907","carcinoma, ductal","mesh-list"
"573","NCT00556907","carcinoma, intraductal, noninfiltrating","mesh-list"
"574","NCT00556907","breast carcinoma in situ","mesh-list"
"575","NCT00556907","neoplasms, glandular and epithelial","mesh-ancestor"
"576","NCT00556907","neoplasms by histologic type","mesh-ancestor"
"577","NCT00556907","neoplasms","mesh-ancestor"
"578","NCT00556907","adenocarcinoma","mesh-ancestor"
"579","NCT00556907","neoplasms, ductal, lobular, and medullary","mesh-ancestor"
"580","NCT00556907","breast neoplasms","mesh-ancestor"
"581","NCT00556907","neoplasms by site","mesh-ancestor"
"582","NCT00556907","breast diseases","mesh-ancestor"
"583","NCT00556907","skin diseases","mesh-ancestor"
"584","NCT02327637","premature birth","mesh-list"
"585","NCT02327637","fetal membranes, premature rupture","mesh-list"
"586","NCT02327637","rupture","mesh-list"
"587","NCT02327637","obstetric labor, premature","mesh-ancestor"
"588","NCT02327637","obstetric labor complications","mesh-ancestor"
"589","NCT02327637","pregnancy complications","mesh-ancestor"
"590","NCT02327637","wounds and injuries","mesh-ancestor"
"591","NCT01601626","tuberculosis","mesh-list"
"592","NCT01601626","infections","mesh-ancestor"
"593","NCT01601626","mycobacterium infections","mesh-ancestor"
"594","NCT01601626","actinomycetales infections","mesh-ancestor"
"595","NCT01601626","gram-positive bacterial infections","mesh-ancestor"
"596","NCT01601626","bacterial infections","mesh-ancestor"
"597","NCT01601626","bacterial infections and mycoses","mesh-ancestor"
"598","NCT01943188","carcinoma","mesh-list"
"599","NCT01943188","carcinoma, renal cell","mesh-list"
"600","NCT01943188","neoplasms, glandular and epithelial","mesh-ancestor"
"601","NCT01943188","neoplasms by histologic type","mesh-ancestor"
"602","NCT01943188","neoplasms","mesh-ancestor"
"603","NCT01943188","adenocarcinoma","mesh-ancestor"
"604","NCT01943188","kidney neoplasms","mesh-ancestor"
"605","NCT01943188","urologic neoplasms","mesh-ancestor"
"606","NCT01943188","urogenital neoplasms","mesh-ancestor"
"607","NCT01943188","neoplasms by site","mesh-ancestor"
"608","NCT01943188","kidney diseases","mesh-ancestor"
"609","NCT01943188","urologic diseases","mesh-ancestor"
"610","NCT01506726","anemia","mesh-list"
"611","NCT01506726","hematologic diseases","mesh-ancestor"
"612","NCT01390584","lymphoma","mesh-list"
"613","NCT01390584","hodgkin disease","mesh-list"
"614","NCT01390584","neoplasms by histologic type","mesh-ancestor"
"615","NCT01390584","neoplasms","mesh-ancestor"
"616","NCT01390584","lymphoproliferative disorders","mesh-ancestor"
"617","NCT01390584","lymphatic diseases","mesh-ancestor"
"618","NCT01390584","immunoproliferative disorders","mesh-ancestor"
"619","NCT01390584","immune system diseases","mesh-ancestor"
"620","NCT01993069","post-traumatic headache","mesh-list"
"621","NCT01993069","headache disorders","mesh-list"
"622","NCT01993069","headache","mesh-list"
"623","NCT01993069","pain","mesh-ancestor"
"624","NCT01993069","neurologic manifestations","mesh-ancestor"
"625","NCT01993069","headache disorders, secondary","mesh-ancestor"
"626","NCT01993069","brain diseases","mesh-ancestor"
"627","NCT01993069","central nervous system diseases","mesh-ancestor"
"628","NCT01993069","nervous system diseases","mesh-ancestor"
"629","NCT02042157","caregiver burden","mesh-list"
"630","NCT02042157","stress, psychological","mesh-ancestor"
"631","NCT02042157","behavioral symptoms","mesh-ancestor"
"632","NCT02046928","leukemia","mesh-list"
"633","NCT02046928","leukemia, lymphoid","mesh-list"
"634","NCT02046928","leukemia, lymphocytic, chronic, b-cell","mesh-list"
"635","NCT02046928","neoplasms by histologic type","mesh-ancestor"
"636","NCT02046928","neoplasms","mesh-ancestor"
"637","NCT02046928","lymphoproliferative disorders","mesh-ancestor"
"638","NCT02046928","lymphatic diseases","mesh-ancestor"
"639","NCT02046928","immunoproliferative disorders","mesh-ancestor"
"640","NCT02046928","immune system diseases","mesh-ancestor"
"641","NCT02046928","leukemia, b-cell","mesh-ancestor"
"642","NCT01769222","rectal diseases","mesh-ancestor"
"643","NCT02967380","neoplasms","mesh-list"
"644","NCT02967380","glioblastoma","mesh-list"
"645","NCT02967380","glioma","mesh-list"
"646","NCT02967380","astrocytoma","mesh-list"
"647","NCT02967380","meningioma","mesh-list"
"648","NCT02206776","compulsive personality disorder","mesh-list"
"649","NCT02206776","obsessive-compulsive disorder","mesh-list"
"650","NCT02206776","personality disorders","mesh-ancestor"
"651","NCT02206776","mental disorders","mesh-ancestor"
"652","NCT02206776","anxiety disorders","mesh-ancestor"
"653","NCT02307552","prostatic neoplasms","mesh-list"
"654","NCT02307552","genital neoplasms, male","mesh-ancestor"
"655","NCT02307552","urogenital neoplasms","mesh-ancestor"
"656","NCT02307552","neoplasms by site","mesh-ancestor"
"657","NCT02307552","neoplasms","mesh-ancestor"
"658","NCT02307552","prostatic diseases","mesh-ancestor"
"659","NCT01545648","breast neoplasms","mesh-list"
"660","NCT01545648","neoplasms by site","mesh-ancestor"
"661","NCT01545648","neoplasms","mesh-ancestor"
"662","NCT01545648","breast diseases","mesh-ancestor"
"663","NCT01545648","skin diseases","mesh-ancestor"
"664","NCT02708511","neoplasms","mesh-ancestor"
"665","NCT02303041","neoplasms","mesh-ancestor"
"666","NCT01728961","malaria","mesh-list"
"667","NCT01728961","infections","mesh-ancestor"
"668","NCT01728961","protozoan infections","mesh-ancestor"
"669","NCT01728961","parasitic diseases","mesh-ancestor"
"670","NCT01728961","vector borne diseases","mesh-ancestor"
"671","NCT02855086","neoplasms","mesh-list"
"672","NCT02855086","glioma","mesh-list"
"673","NCT02855086","brain neoplasms","mesh-list"
"674","NCT02855086","neoplasms, neuroepithelial","mesh-ancestor"
"675","NCT02855086","neuroectodermal tumors","mesh-ancestor"
"676","NCT02855086","neoplasms, germ cell and embryonal","mesh-ancestor"
"677","NCT02855086","neoplasms by histologic type","mesh-ancestor"
"678","NCT02855086","neoplasms, glandular and epithelial","mesh-ancestor"
"679","NCT02855086","neoplasms, nerve tissue","mesh-ancestor"
"680","NCT02855086","central nervous system neoplasms","mesh-ancestor"
"681","NCT02855086","nervous system neoplasms","mesh-ancestor"
"682","NCT02855086","neoplasms by site","mesh-ancestor"
"683","NCT02855086","brain diseases","mesh-ancestor"
"684","NCT02855086","central nervous system diseases","mesh-ancestor"
"685","NCT01116661","glioma","mesh-list"
"686","NCT01116661","brain neoplasms","mesh-list"
"687","NCT01116661","neoplasms, neuroepithelial","mesh-ancestor"
"688","NCT01116661","neuroectodermal tumors","mesh-ancestor"
"689","NCT01116661","neoplasms, germ cell and embryonal","mesh-ancestor"
"690","NCT01116661","neoplasms by histologic type","mesh-ancestor"
"691","NCT01116661","neoplasms","mesh-ancestor"
"692","NCT01116661","neoplasms, glandular and epithelial","mesh-ancestor"
"693","NCT01116661","neoplasms, nerve tissue","mesh-ancestor"
"694","NCT01116661","central nervous system neoplasms","mesh-ancestor"
"695","NCT01116661","nervous system neoplasms","mesh-ancestor"
"696","NCT01116661","neoplasms by site","mesh-ancestor"
"697","NCT01116661","brain diseases","mesh-ancestor"
"698","NCT01116661","central nervous system diseases","mesh-ancestor"
"699","NCT01116661","nervous system diseases","mesh-ancestor"
"700","NCT02317276","dermatitis, atopic","mesh-list"
"701","NCT02317276","dermatitis","mesh-list"
"702","NCT02317276","skin diseases","mesh-ancestor"
"703","NCT02317276","skin diseases, genetic","mesh-ancestor"
"704","NCT02317276","genetic diseases, inborn","mesh-ancestor"
"705","NCT02317276","skin diseases, eczematous","mesh-ancestor"
"706","NCT02317276","hypersensitivity, immediate","mesh-ancestor"
"707","NCT02317276","hypersensitivity","mesh-ancestor"
"708","NCT02317276","immune system diseases","mesh-ancestor"
"709","NCT01469338","neoplasms","mesh-ancestor"
"710","NCT01469338","prostatic diseases","mesh-ancestor"
"711","NCT01469338","signs and symptoms, digestive","mesh-ancestor"
"712","NCT01780636","syndrome","mesh-list"
"713","NCT01780636","disease","mesh-ancestor"
"714","NCT01780636","pathologic processes","mesh-ancestor"
"715","NCT01055028","sarcoma","mesh-list"
"716","NCT01055028","hemangiosarcoma","mesh-list"
"717","NCT01055028","neoplasms, connective and soft tissue","mesh-ancestor"
"718","NCT01055028","neoplasms by histologic type","mesh-ancestor"
"719","NCT01055028","neoplasms","mesh-ancestor"
"720","NCT01055028","neoplasms, vascular tissue","mesh-ancestor"
"721","NCT01313923","pemphigus","mesh-list"
"722","NCT01313923","skin diseases","mesh-list"
"723","NCT01313923","skin diseases, vesiculobullous","mesh-ancestor"
"724","NCT01313923","autoimmune diseases","mesh-ancestor"
"725","NCT01313923","immune system diseases","mesh-ancestor"
"726","NCT01683747","hypotension","mesh-list"
"727","NCT01683747","critical illness","mesh-list"
"728","NCT01683747","pathologic processes","mesh-ancestor"
"729","NCT01683747","disease attributes","mesh-ancestor"
"730","NCT01683747","vascular diseases","mesh-ancestor"
"731","NCT01683747","cardiovascular diseases","mesh-ancestor"
"732","NCT01649258","breast neoplasms","mesh-list"
"733","NCT01649258","nausea","mesh-list"
"734","NCT01649258","vomiting","mesh-list"
"735","NCT01649258","neoplasms by site","mesh-ancestor"
"736","NCT01649258","neoplasms","mesh-ancestor"
"737","NCT01649258","breast diseases","mesh-ancestor"
"738","NCT01649258","skin diseases","mesh-ancestor"
"739","NCT01649258","signs and symptoms, digestive","mesh-ancestor"
"740","NCT02890875","infections","mesh-list"
"741","NCT02890875","communicable diseases","mesh-list"
"742","NCT02890875","sepsis","mesh-list"
"743","NCT02890875","catheter-related infections","mesh-list"
"744","NCT02890875","disease attributes","mesh-ancestor"
"745","NCT02890875","pathologic processes","mesh-ancestor"
"746","NCT02890875","systemic inflammatory response syndrome","mesh-ancestor"
"747","NCT02890875","inflammation","mesh-ancestor"
"748","NCT01518465","multiple myeloma","mesh-list"
"749","NCT01518465","neoplasms, plasma cell","mesh-list"
"750","NCT01518465","neoplasms by histologic type","mesh-ancestor"
"751","NCT01518465","neoplasms","mesh-ancestor"
"752","NCT01518465","hemostatic disorders","mesh-ancestor"
"753","NCT01518465","vascular diseases","mesh-ancestor"
"754","NCT01518465","cardiovascular diseases","mesh-ancestor"
"755","NCT01518465","paraproteinemias","mesh-ancestor"
"756","NCT01518465","blood protein disorders","mesh-ancestor"
"757","NCT01518465","hematologic diseases","mesh-ancestor"
"758","NCT01518465","hemorrhagic disorders","mesh-ancestor"
"759","NCT01518465","lymphoproliferative disorders","mesh-ancestor"
"760","NCT01518465","immunoproliferative disorders","mesh-ancestor"
"761","NCT01518465","immune system diseases","mesh-ancestor"
"762","NCT01123161","stroke","mesh-list"
"763","NCT01123161","cerebrovascular disorders","mesh-ancestor"
"764","NCT01123161","brain diseases","mesh-ancestor"
"765","NCT01123161","central nervous system diseases","mesh-ancestor"
"766","NCT01123161","nervous system diseases","mesh-ancestor"
"767","NCT01123161","vascular diseases","mesh-ancestor"
"768","NCT01123161","cardiovascular diseases","mesh-ancestor"
"769","NCT02205307","rectal neoplasms","mesh-list"
"770","NCT02205307","colorectal neoplasms","mesh-ancestor"
"771","NCT02205307","intestinal neoplasms","mesh-ancestor"
"772","NCT02205307","gastrointestinal neoplasms","mesh-ancestor"
"773","NCT02205307","digestive system neoplasms","mesh-ancestor"
"774","NCT02205307","neoplasms by site","mesh-ancestor"
"775","NCT02205307","neoplasms","mesh-ancestor"
"776","NCT02205307","digestive system diseases","mesh-ancestor"
"777","NCT02205307","gastrointestinal diseases","mesh-ancestor"
"778","NCT02205307","intestinal diseases","mesh-ancestor"
"779","NCT02205307","rectal diseases","mesh-ancestor"
"780","NCT01502761","central nervous system diseases","mesh-ancestor"
"781","NCT01502761","nervous system diseases","mesh-ancestor"
"782","NCT01502761","vascular diseases","mesh-ancestor"
"783","NCT01502761","cardiovascular diseases","mesh-ancestor"
"784","NCT01098422","neoplasms","mesh-list"
"785","NCT01098422","adenocarcinoma","mesh-list"
"786","NCT01098422","colorectal neoplasms","mesh-list"
"787","NCT01098422","liver neoplasms","mesh-list"
"788","NCT01098422","carcinoma","mesh-ancestor"
"789","NCT01098422","neoplasms, glandular and epithelial","mesh-ancestor"
"790","NCT01098422","neoplasms by histologic type","mesh-ancestor"
"791","NCT01098422","intestinal neoplasms","mesh-ancestor"
"792","NCT01098422","gastrointestinal neoplasms","mesh-ancestor"
"793","NCT01098422","digestive system neoplasms","mesh-ancestor"
"794","NCT01098422","neoplasms by site","mesh-ancestor"
"795","NCT01098422","digestive system diseases","mesh-ancestor"
"796","NCT01098422","gastrointestinal diseases","mesh-ancestor"
"797","NCT01098422","colonic diseases","mesh-ancestor"
"798","NCT01098422","intestinal diseases","mesh-ancestor"
"799","NCT01098422","rectal diseases","mesh-ancestor"
"800","NCT01098422","liver diseases","mesh-ancestor"
"801","NCT01562132","infections","mesh-list"
"802","NCT03023709","influenza, human","mesh-list"
"803","NCT03023709","respiratory tract infections","mesh-ancestor"
"804","NCT03023709","infections","mesh-ancestor"
"805","NCT03023709","orthomyxoviridae infections","mesh-ancestor"
"806","NCT03023709","rna virus infections","mesh-ancestor"
"807","NCT03023709","virus diseases","mesh-ancestor"
"808","NCT03023709","respiratory tract diseases","mesh-ancestor"
"809","NCT01769222","burkitt lymphoma","mesh-list"
"810","NCT01769222","mycoses","mesh-list"
"811","NCT01769222","lymphoma","mesh-list"
"812","NCT01769222","leukemia","mesh-list"
"813","NCT01769222","melanoma","mesh-list"
"814","NCT01769222","lymphoma, follicular","mesh-list"
"815","NCT01769222","lymphoma, non-hodgkin","mesh-list"
"816","NCT01769222","rectal neoplasms","mesh-list"
"817","NCT01769222","lymphoma, b-cell","mesh-list"
"818","NCT01769222","lymphoma, mantle-cell","mesh-list"
"819","NCT01769222","lymphoma, b-cell, marginal zone","mesh-list"
"820","NCT01769222","lymphoma, t-cell","mesh-list"
"821","NCT01769222","lymphoma, t-cell, peripheral","mesh-list"
"822","NCT01769222","leukemia, lymphocytic, chronic, b-cell","mesh-list"
"823","NCT01769222","precursor cell lymphoblastic leukemia-lymphoma","mesh-list"
"824","NCT01769222","lymphoma, large b-cell, diffuse","mesh-list"
"825","NCT01769222","lymphoma, large-cell, immunoblastic","mesh-list"
"826","NCT01769222","plasmablastic lymphoma","mesh-list"
"827","NCT01769222","mycosis fungoides","mesh-list"
"828","NCT01769222","sezary syndrome","mesh-list"
"829","NCT01769222","leukemia, t-cell","mesh-list"
"830","NCT01769222","lymphoma, t-cell, cutaneous","mesh-list"
"831","NCT01769222","waldenstrom macroglobulinemia","mesh-list"
"832","NCT01769222","leukemia-lymphoma, adult t-cell","mesh-list"
"833","NCT01769222","lymphoma, large-cell, anaplastic","mesh-list"
"834","NCT01769222","leukemia, hairy cell","mesh-list"
"835","NCT01769222","lymphomatoid granulomatosis","mesh-list"
"836","NCT01769222","lymphoma, extranodal nk-t-cell","mesh-list"
"837","NCT01769222","intraocular lymphoma","mesh-list"
"838","NCT01769222","leukemia, large granular lymphocytic","mesh-list"
"839","NCT01769222","immunoblastic lymphadenopathy","mesh-list"
"840","NCT01769222","recurrence","mesh-list"
"841","NCT01769222","lymphoproliferative disorders","mesh-ancestor"
"842","NCT01769222","immunoproliferative disorders","mesh-ancestor"
"843","NCT01769222","immune system diseases","mesh-ancestor"
"844","NCT01769222","disease attributes","mesh-ancestor"
"845","NCT01769222","pathologic processes","mesh-ancestor"
"846","NCT01769222","neuroendocrine tumors","mesh-ancestor"
"847","NCT01769222","neuroectodermal tumors","mesh-ancestor"
"848","NCT01769222","neoplasms, germ cell and embryonal","mesh-ancestor"
"849","NCT01769222","neoplasms, nerve tissue","mesh-ancestor"
"850","NCT01769222","nevi and melanomas","mesh-ancestor"
"851","NCT01769222","colorectal neoplasms","mesh-ancestor"
"852","NCT01769222","intestinal neoplasms","mesh-ancestor"
"853","NCT01769222","gastrointestinal neoplasms","mesh-ancestor"
"854","NCT01769222","digestive system neoplasms","mesh-ancestor"
"855","NCT01769222","neoplasms by site","mesh-ancestor"
"856","NCT01769222","digestive system diseases","mesh-ancestor"
"857","NCT01769222","gastrointestinal diseases","mesh-ancestor"
"858","NCT01769222","intestinal diseases","mesh-ancestor"
"859","NCT01769222","leukemia, b-cell","mesh-ancestor"
"860","NCT01769222","leukemia, lymphoid","mesh-ancestor"
"861","NCT01769222","epstein-barr virus infections","mesh-ancestor"
"862","NCT01769222","herpesviridae infections","mesh-ancestor"
"863","NCT01769222","dna virus infections","mesh-ancestor"
"864","NCT01769222","virus diseases","mesh-ancestor"
"865","NCT01769222","infections","mesh-ancestor"
"866","NCT01769222","tumor virus infections","mesh-ancestor"
"867","NCT01769222","hemostatic disorders","mesh-ancestor"
"868","NCT00610467","breast neoplasms","mesh-list"
"869","NCT00610467","neoplasms by site","mesh-ancestor"
"870","NCT00610467","neoplasms","mesh-ancestor"
"871","NCT00610467","breast diseases","mesh-ancestor"
"872","NCT00610467","skin diseases","mesh-ancestor"
"873","NCT02415608","mastocytosis","mesh-list"
"874","NCT02415608","mastocytosis, systemic","mesh-list"
"875","NCT02415608","leukemia, mast-cell","mesh-list"
"876","NCT02415608","neoplasms, connective tissue","mesh-ancestor"
"877","NCT02415608","neoplasms, connective and soft tissue","mesh-ancestor"
"878","NCT02415608","neoplasms by histologic type","mesh-ancestor"
"879","NCT02415608","neoplasms","mesh-ancestor"
"880","NCT02415608","skin diseases","mesh-ancestor"
"881","NCT02415608","immune complex diseases","mesh-ancestor"
"882","NCT02415608","hypersensitivity","mesh-ancestor"
"883","NCT02415608","immune system diseases","mesh-ancestor"
"884","NCT02415608","leukemia","mesh-ancestor"
"885","NCT02415608","leukemia, myeloid, acute","mesh-ancestor"
"886","NCT02415608","leukemia, myeloid","mesh-ancestor"
"887","NCT02672033","mesothelioma","mesh-list"
"888","NCT02672033","mesothelioma, malignant","mesh-list"
"889","NCT02672033","adenoma","mesh-ancestor"
"890","NCT02672033","neoplasms, glandular and epithelial","mesh-ancestor"
"891","NCT02672033","neoplasms by histologic type","mesh-ancestor"
"892","NCT02672033","neoplasms","mesh-ancestor"
"893","NCT02672033","neoplasms, mesothelial","mesh-ancestor"
"894","NCT02672033","lung neoplasms","mesh-ancestor"
"895","NCT02672033","respiratory tract neoplasms","mesh-ancestor"
"896","NCT02672033","thoracic neoplasms","mesh-ancestor"
"897","NCT02672033","neoplasms by site","mesh-ancestor"
"898","NCT02672033","pleural neoplasms","mesh-ancestor"
"899","NCT02672033","lung diseases","mesh-ancestor"
"900","NCT02672033","respiratory tract diseases","mesh-ancestor"
"901","NCT00506909","schizophrenia","mesh-list"
"902","NCT00506909","schizophrenia spectrum and other psychotic disorders","mesh-ancestor"
"903","NCT00506909","mental disorders","mesh-ancestor"
"904","NCT01364259","cranial nerve diseases","mesh-ancestor"
"905","NCT02215161","carcinoma","mesh-list"
"906","NCT02215161","prostatic neoplasms","mesh-list"
"907","NCT02215161","neoplasms","mesh-ancestor"
"908","NCT02605824","asthma","mesh-list"
"909","NCT02605824","bronchial diseases","mesh-ancestor"
"910","NCT02605824","respiratory tract diseases","mesh-ancestor"
"911","NCT02605824","lung diseases, obstructive","mesh-ancestor"
"912","NCT02605824","lung diseases","mesh-ancestor"
"913","NCT02605824","respiratory hypersensitivity","mesh-ancestor"
"914","NCT02605824","hypersensitivity, immediate","mesh-ancestor"
"915","NCT02605824","hypersensitivity","mesh-ancestor"
"916","NCT02605824","immune system diseases","mesh-ancestor"
"917","NCT01745354","lymphoma, non-hodgkin","mesh-list"
"918","NCT01745354","neoplasms by histologic type","mesh-ancestor"
"919","NCT01745354","neoplasms","mesh-ancestor"
"920","NCT01745354","lymphoproliferative disorders","mesh-ancestor"
"921","NCT01745354","lymphatic diseases","mesh-ancestor"
"922","NCT01841307","gastroesophageal reflux","mesh-list"
"923","NCT01841307","pulmonary fibrosis","mesh-list"
"924","NCT01841307","idiopathic pulmonary fibrosis","mesh-list"
"925","NCT01841307","respiratory aspiration","mesh-list"
"926","NCT01841307","pathologic processes","mesh-ancestor"
"927","NCT01841307","esophageal motility disorders","mesh-ancestor"
"928","NCT01841307","deglutition disorders","mesh-ancestor"
"929","NCT01841307","esophageal diseases","mesh-ancestor"
"930","NCT01841307","gastrointestinal diseases","mesh-ancestor"
"931","NCT01841307","digestive system diseases","mesh-ancestor"
"932","NCT01841307","lung diseases","mesh-ancestor"
"933","NCT01469338","prostatic neoplasms","mesh-list"
"934","NCT01469338","diarrhea","mesh-list"
"935","NCT01469338","genital neoplasms, male","mesh-ancestor"
"936","NCT01469338","urogenital neoplasms","mesh-ancestor"
"937","NCT01469338","neoplasms by site","mesh-ancestor"
"938","NCT02465983","pancreatic neoplasms","mesh-list"
"939","NCT02465983","digestive system neoplasms","mesh-ancestor"
"940","NCT02465983","neoplasms by site","mesh-ancestor"
"941","NCT02465983","neoplasms","mesh-ancestor"
"942","NCT02465983","endocrine gland neoplasms","mesh-ancestor"
"943","NCT02465983","digestive system diseases","mesh-ancestor"
"944","NCT02465983","pancreatic diseases","mesh-ancestor"
"945","NCT02465983","endocrine system diseases","mesh-ancestor"
"946","NCT02450201","prostatic neoplasms","mesh-list"
"947","NCT02450201","genital neoplasms, male","mesh-ancestor"
"948","NCT02450201","urogenital neoplasms","mesh-ancestor"
"949","NCT02450201","neoplasms by site","mesh-ancestor"
"950","NCT02450201","neoplasms","mesh-ancestor"
"951","NCT02450201","prostatic diseases","mesh-ancestor"
"952","NCT02586415","cerebral infarction","mesh-list"
"953","NCT02586415","infarction","mesh-list"
"954","NCT02586415","cerebrovascular disorders","mesh-ancestor"
"955","NCT02586415","brain diseases","mesh-ancestor"
"956","NCT02586415","central nervous system diseases","mesh-ancestor"
"957","NCT02586415","nervous system diseases","mesh-ancestor"
"958","NCT02586415","vascular diseases","mesh-ancestor"
"959","NCT02586415","cardiovascular diseases","mesh-ancestor"
"960","NCT02586415","ischemia","mesh-ancestor"
"961","NCT02586415","pathologic processes","mesh-ancestor"
"962","NCT02586415","necrosis","mesh-ancestor"
"963","NCT02586415","brain infarction","mesh-ancestor"
"964","NCT02586415","brain ischemia","mesh-ancestor"
"965","NCT02444793","neoplasms","mesh-list"
"966","NCT02586415","ischemic stroke","mesh-list"
"967","NCT01614652","heart failure","mesh-list"
"968","NCT01614652","systolic murmurs","mesh-list"
"969","NCT01614652","heart diseases","mesh-ancestor"
"970","NCT01614652","cardiovascular diseases","mesh-ancestor"
"971","NCT01614652","heart murmurs","mesh-ancestor"
"972","NCT01615042","leukemia","mesh-list"
"973","NCT01615042","acute disease","mesh-list"
"974","NCT01615042","neoplasms by histologic type","mesh-ancestor"
"975","NCT01615042","neoplasms","mesh-ancestor"
"976","NCT01615042","disease attributes","mesh-ancestor"
"977","NCT01615042","pathologic processes","mesh-ancestor"
"978","NCT01617291","heart arrest","mesh-list"
"979","NCT01617291","hypothermia","mesh-list"
"980","NCT01617291","heart diseases","mesh-ancestor"
"981","NCT01617291","cardiovascular diseases","mesh-ancestor"
"982","NCT01617291","body temperature changes","mesh-ancestor"
"983","NCT01829347","hepatitis, viral, human","mesh-ancestor"
"984","NCT01829347","virus diseases","mesh-ancestor"
"985","NCT02175745","neoplasms, nerve tissue","mesh-ancestor"
"986","NCT02175745","nervous system neoplasms","mesh-ancestor"
"987","NCT02175745","neoplasms by site","mesh-ancestor"
"988","NCT02175745","nervous system diseases","mesh-ancestor"
"989","NCT02175745","optic nerve neoplasms","mesh-ancestor"
"990","NCT02175745","cranial nerve neoplasms","mesh-ancestor"
"991","NCT02175745","peripheral nervous system neoplasms","mesh-ancestor"
"992","NCT02175745","cranial nerve diseases","mesh-ancestor"
"993","NCT02175745","optic nerve diseases","mesh-ancestor"
"994","NCT02175745","eye diseases","mesh-ancestor"
"995","NCT01510756","leukemia","mesh-list"
"996","NCT01510756","leukemia, lymphoid","mesh-list"
"997","NCT01510756","leukemia, lymphocytic, chronic, b-cell","mesh-list"
"998","NCT01510756","neoplasms by histologic type","mesh-ancestor"
"999","NCT01510756","neoplasms","mesh-ancestor"
"1000","NCT01510756","lymphoproliferative disorders","mesh-ancestor"
"1001","NCT01510756","lymphatic diseases","mesh-ancestor"
"1002","NCT01510756","immunoproliferative disorders","mesh-ancestor"
"1003","NCT01510756","immune system diseases","mesh-ancestor"
"1004","NCT01510756","leukemia, b-cell","mesh-ancestor"
"1005","NCT02120027","irritable bowel syndrome","mesh-list"
"1006","NCT02120027","syndrome","mesh-list"
"1007","NCT02120027","diarrhea","mesh-list"
"1008","NCT02120027","disease","mesh-ancestor"
"1009","NCT02120027","pathologic processes","mesh-ancestor"
"1010","NCT02120027","colonic diseases, functional","mesh-ancestor"
"1011","NCT02120027","colonic diseases","mesh-ancestor"
"1012","NCT02120027","intestinal diseases","mesh-ancestor"
"1013","NCT02120027","gastrointestinal diseases","mesh-ancestor"
"1014","NCT02120027","digestive system diseases","mesh-ancestor"
"1015","NCT02120027","signs and symptoms, digestive","mesh-ancestor"
"1016","NCT02030405","leukemia","mesh-list"
"1017","NCT02030405","leukemia, myeloid","mesh-list"
"1018","NCT02030405","leukemia, myeloid, acute","mesh-list"
"1019","NCT02030405","leukemia, monocytic, acute","mesh-list"
"1020","NCT02030405","leukemia, myelomonocytic, acute","mesh-list"
"1021","NCT02030405","leukemia, megakaryoblastic, acute","mesh-list"
"1022","NCT02030405","leukemia, erythroblastic, acute","mesh-list"
"1023","NCT02030405","neoplasms by histologic type","mesh-ancestor"
"1024","NCT02030405","neoplasms","mesh-ancestor"
"1025","NCT02030405","myeloproliferative disorders","mesh-ancestor"
"1026","NCT01719861","lung neoplasms","mesh-list"
"1027","NCT01866423","prostatic neoplasms","mesh-list"
"1028","NCT01866423","genital neoplasms, male","mesh-ancestor"
"1029","NCT01866423","urogenital neoplasms","mesh-ancestor"
"1030","NCT01866423","neoplasms by site","mesh-ancestor"
"1031","NCT01866423","neoplasms","mesh-ancestor"
"1032","NCT01866423","prostatic diseases","mesh-ancestor"
"1033","NCT01829347","hepatitis","mesh-list"
"1034","NCT01829347","hepatitis, alcoholic","mesh-list"
"1035","NCT01829347","liver diseases","mesh-ancestor"
"1036","NCT01829347","digestive system diseases","mesh-ancestor"
"1037","NCT01829347","infections","mesh-ancestor"
"1038","NCT01829347","enterovirus infections","mesh-ancestor"
"1039","NCT01829347","picornaviridae infections","mesh-ancestor"
"1040","NCT01829347","rna virus infections","mesh-ancestor"
"1041","NCT01829347","liver diseases, alcoholic","mesh-ancestor"
"1042","NCT01829347","alcohol-induced disorders","mesh-ancestor"
"1043","NCT01829347","alcohol-related disorders","mesh-ancestor"
"1044","NCT01829347","substance-related disorders","mesh-ancestor"
"1045","NCT01829347","chemically-induced disorders","mesh-ancestor"
"1046","NCT01963403","uterine hemorrhage","mesh-list"
"1047","NCT01963403","hemorrhage","mesh-list"
"1048","NCT01963403","pathologic processes","mesh-ancestor"
"1049","NCT02644122","carcinoma, squamous cell","mesh-list"
"1050","NCT02644122","carcinoma","mesh-ancestor"
"1051","NCT02644122","neoplasms, glandular and epithelial","mesh-ancestor"
"1052","NCT02644122","neoplasms by histologic type","mesh-ancestor"
"1053","NCT02644122","neoplasms","mesh-ancestor"
"1054","NCT02644122","neoplasms, squamous cell","mesh-ancestor"
"1055","NCT02303041","carcinoma","mesh-list"
"1056","NCT02303041","carcinoma, basal cell","mesh-list"
"1057","NCT02303041","skin neoplasms","mesh-list"
"1058","NCT02303041","basal cell nevus syndrome","mesh-list"
"1059","NCT01846624","leukemia","mesh-list"
"1060","NCT01846624","leukemia, myeloid","mesh-list"
"1061","NCT01846624","leukemia, myeloid, acute","mesh-list"
"1062","NCT01846624","myelodysplastic syndromes","mesh-list"
"1063","NCT01846624","neoplasms by histologic type","mesh-ancestor"
"1064","NCT01846624","neoplasms","mesh-ancestor"
"1065","NCT01846624","bone marrow diseases","mesh-ancestor"
"1066","NCT01846624","hematologic diseases","mesh-ancestor"
"1067","NCT02368691","skin diseases","mesh-ancestor"
"1068","NCT02270684","osteoarthritis","mesh-list"
"1069","NCT02270684","arthritis","mesh-ancestor"
"1070","NCT02270684","joint diseases","mesh-ancestor"
"1071","NCT02270684","musculoskeletal diseases","mesh-ancestor"
"1072","NCT02270684","rheumatic diseases","mesh-ancestor"
"1073","NCT00632827","lymphoma, t-cell, peripheral","mesh-list"
"1074","NCT02708511","carcinoma","mesh-list"
"1075","NCT02708511","breast neoplasms","mesh-list"
"1076","NCT02708511","neoplasms, glandular and epithelial","mesh-ancestor"
"1077","NCT02708511","neoplasms by histologic type","mesh-ancestor"
"1078","NCT02708511","neoplasms by site","mesh-ancestor"
"1079","NCT02708511","breast diseases","mesh-ancestor"
"1080","NCT02708511","skin diseases","mesh-ancestor"
"1081","NCT01020812","carcinoma","mesh-list"
"1082","NCT01020812","carcinoma, hepatocellular","mesh-list"
"1083","NCT01020812","neoplasms, glandular and epithelial","mesh-ancestor"
"1084","NCT01020812","neoplasms by histologic type","mesh-ancestor"
"1085","NCT01020812","neoplasms","mesh-ancestor"
"1086","NCT01020812","adenocarcinoma","mesh-ancestor"
"1087","NCT01020812","liver neoplasms","mesh-ancestor"
"1088","NCT01020812","digestive system neoplasms","mesh-ancestor"
"1089","NCT01020812","neoplasms by site","mesh-ancestor"
"1090","NCT01020812","digestive system diseases","mesh-ancestor"
"1091","NCT01020812","liver diseases","mesh-ancestor"
"1092","NCT02175745","glioma","mesh-list"
"1093","NCT00470548","skin diseases","mesh-ancestor"
"1094","NCT00470548","respiratory tract neoplasms","mesh-ancestor"
"1095","NCT02370264","breast neoplasms","mesh-list"
"1096","NCT02370264","neoplasms by site","mesh-ancestor"
"1097","NCT02370264","neoplasms","mesh-ancestor"
"1098","NCT02370264","breast diseases","mesh-ancestor"
"1099","NCT02370264","skin diseases","mesh-ancestor"
"1100","NCT02303041","cysts","mesh-ancestor"
"1101","NCT02435225","bipolar disorder","mesh-list"
"1102","NCT02435225","bipolar and related disorders","mesh-ancestor"
"1103","NCT02435225","mental disorders","mesh-ancestor"
"1104","NCT03115385","obesity, abdominal","mesh-list"
"1105","NCT03115385","obesity","mesh-ancestor"
"1106","NCT03115385","overnutrition","mesh-ancestor"
"1107","NCT03115385","nutrition disorders","mesh-ancestor"
"1108","NCT02147301","neoplasms by site","mesh-ancestor"
"1109","NCT02147301","carcinoma","mesh-list"
"1110","NCT02147301","carcinoma, hepatocellular","mesh-list"
"1111","NCT02147301","neoplasms, glandular and epithelial","mesh-ancestor"
"1112","NCT02147301","neoplasms by histologic type","mesh-ancestor"
"1113","NCT02147301","neoplasms","mesh-ancestor"
"1114","NCT02147301","adenocarcinoma","mesh-ancestor"
"1115","NCT02147301","liver neoplasms","mesh-ancestor"
"1116","NCT02147301","digestive system neoplasms","mesh-ancestor"
"1117","NCT02147301","digestive system diseases","mesh-ancestor"
"1118","NCT02147301","liver diseases","mesh-ancestor"
"1119","NCT00632827","lymphoma","mesh-list"
"1120","NCT00632827","lymphoma, t-cell","mesh-list"
"1121","NCT00632827","neoplasms by histologic type","mesh-ancestor"
"1122","NCT00632827","neoplasms","mesh-ancestor"
"1123","NCT00632827","lymphoproliferative disorders","mesh-ancestor"
"1124","NCT00632827","lymphatic diseases","mesh-ancestor"
"1125","NCT00632827","immunoproliferative disorders","mesh-ancestor"
"1126","NCT00632827","immune system diseases","mesh-ancestor"
"1127","NCT00632827","lymphoma, non-hodgkin","mesh-ancestor"
"1128","NCT02634606","hypercholesterolemia","mesh-list"
"1129","NCT02634606","hyperlipidemias","mesh-ancestor"
"1130","NCT02634606","dyslipidemias","mesh-ancestor"
"1131","NCT02634606","lipid metabolism disorders","mesh-ancestor"
"1132","NCT02634606","metabolic diseases","mesh-ancestor"
"1133","NCT02303041","neoplasms, glandular and epithelial","mesh-ancestor"
"1134","NCT02303041","neoplasms by histologic type","mesh-ancestor"
"1135","NCT02303041","neoplasms, basal cell","mesh-ancestor"
"1136","NCT02303041","neoplasms by site","mesh-ancestor"
"1137","NCT02303041","skin diseases","mesh-ancestor"
"1138","NCT02303041","odontogenic cysts","mesh-ancestor"
"1139","NCT02303041","jaw cysts","mesh-ancestor"
"1140","NCT02303041","bone cysts","mesh-ancestor"
"1141","NCT02303041","neoplastic syndromes, hereditary","mesh-ancestor"
"1142","NCT02303041","bone diseases, developmental","mesh-ancestor"
"1143","NCT02303041","bone diseases","mesh-ancestor"
"1144","NCT02303041","musculoskeletal diseases","mesh-ancestor"
"1145","NCT02303041","jaw diseases","mesh-ancestor"
"1146","NCT02303041","stomatognathic diseases","mesh-ancestor"
"1147","NCT02303041","abnormalities, multiple","mesh-ancestor"
"1148","NCT02303041","congenital abnormalities","mesh-ancestor"
"1149","NCT02303041","genetic diseases, inborn","mesh-ancestor"
"1150","NCT02368691","breast neoplasms","mesh-list"
"1151","NCT02368691","triple negative breast neoplasms","mesh-list"
"1152","NCT02368691","neoplasms by site","mesh-ancestor"
"1153","NCT02368691","neoplasms","mesh-ancestor"
"1154","NCT02368691","breast diseases","mesh-ancestor"
"1155","NCT02294981","psoriasis","mesh-list"
"1156","NCT02294981","skin diseases, papulosquamous","mesh-ancestor"
"1157","NCT02294981","skin diseases","mesh-ancestor"
"1158","NCT02175745","glioblastoma","mesh-list"
"1159","NCT02175745","astrocytoma","mesh-list"
"1160","NCT02175745","gliosarcoma","mesh-list"
"1161","NCT02175745","oligodendroglioma","mesh-list"
"1162","NCT02175745","optic nerve glioma","mesh-list"
"1163","NCT02175745","neoplasms, neuroepithelial","mesh-list"
"1164","NCT02175745","recurrence","mesh-list"
"1165","NCT02175745","disease attributes","mesh-ancestor"
"1166","NCT02175745","pathologic processes","mesh-ancestor"
"1167","NCT02175745","neuroectodermal tumors","mesh-ancestor"
"1168","NCT02175745","neoplasms, germ cell and embryonal","mesh-ancestor"
"1169","NCT02175745","neoplasms by histologic type","mesh-ancestor"
"1170","NCT02175745","neoplasms","mesh-ancestor"
"1171","NCT02175745","neoplasms, glandular and epithelial","mesh-ancestor"
"1172","NCT02170298","hyperkinesis","mesh-list"
"1173","NCT02170298","attention deficit disorder with hyperactivity","mesh-list"
"1174","NCT02170298","attention deficit and disruptive behavior disorders","mesh-ancestor"
"1175","NCT02170298","neurodevelopmental disorders","mesh-ancestor"
"1176","NCT02170298","mental disorders","mesh-ancestor"
"1177","NCT02170298","dyskinesias","mesh-ancestor"
"1178","NCT02170298","neurologic manifestations","mesh-ancestor"
"1179","NCT02170298","nervous system diseases","mesh-ancestor"
"1180","NCT01823679","carcinoma","mesh-list"
"1181","NCT01823679","carcinoma, squamous cell","mesh-list"
"1182","NCT01823679","skin neoplasms","mesh-list"
"1183","NCT01823679","recurrence","mesh-list"
"1184","NCT01823679","neoplasms, glandular and epithelial","mesh-ancestor"
"1185","NCT01823679","neoplasms by histologic type","mesh-ancestor"
"1186","NCT01823679","neoplasms","mesh-ancestor"
"1187","NCT01823679","disease attributes","mesh-ancestor"
"1188","NCT01823679","pathologic processes","mesh-ancestor"
"1189","NCT01823679","neoplasms, squamous cell","mesh-ancestor"
"1190","NCT01823679","neoplasms by site","mesh-ancestor"
"1191","NCT01823679","skin diseases","mesh-ancestor"
"1192","NCT01838499","hidradenitis suppurativa","mesh-list"
"1193","NCT01838499","hidradenitis","mesh-list"
"1194","NCT01838499","sweat gland diseases","mesh-ancestor"
"1195","NCT01838499","skin diseases","mesh-ancestor"
"1196","NCT01838499","skin diseases, bacterial","mesh-ancestor"
"1197","NCT01838499","bacterial infections","mesh-ancestor"
"1198","NCT01838499","bacterial infections and mycoses","mesh-ancestor"
"1199","NCT01838499","infections","mesh-ancestor"
"1200","NCT01838499","skin diseases, infectious","mesh-ancestor"
"1201","NCT01838499","suppuration","mesh-ancestor"
"1202","NCT02030405","bone marrow diseases","mesh-ancestor"
"1203","NCT02030405","hematologic diseases","mesh-ancestor"
"1204","NCT01954082","retinal diseases","mesh-list"
"1205","NCT01954082","retinopathy of prematurity","mesh-list"
"1206","NCT01954082","premature birth","mesh-list"
"1207","NCT01954082","eye diseases","mesh-ancestor"
"1208","NCT01954082","obstetric labor, premature","mesh-ancestor"
"1209","NCT01954082","obstetric labor complications","mesh-ancestor"
"1210","NCT01954082","pregnancy complications","mesh-ancestor"
"1211","NCT01954082","infant, premature, diseases","mesh-ancestor"
"1212","NCT01954082","infant, newborn, diseases","mesh-ancestor"
"1213","NCT01719861","small cell lung carcinoma","mesh-list"
"1214","NCT01719861","neuroendocrine tumors","mesh-list"
"1215","NCT01719861","respiratory tract neoplasms","mesh-ancestor"
"1216","NCT01719861","thoracic neoplasms","mesh-ancestor"
"1217","NCT01719861","neoplasms by site","mesh-ancestor"
"1218","NCT01719861","neoplasms","mesh-ancestor"
"1219","NCT01719861","lung diseases","mesh-ancestor"
"1220","NCT01719861","respiratory tract diseases","mesh-ancestor"
"1221","NCT01719861","carcinoma, bronchogenic","mesh-ancestor"
"1222","NCT01719861","bronchial neoplasms","mesh-ancestor"
"1223","NCT01719861","neuroectodermal tumors","mesh-ancestor"
"1224","NCT01719861","neoplasms, germ cell and embryonal","mesh-ancestor"
"1225","NCT01719861","neoplasms by histologic type","mesh-ancestor"
"1226","NCT01719861","neoplasms, nerve tissue","mesh-ancestor"
"1227","NCT00470548","lung neoplasms","mesh-list"
"1228","NCT00470548","neoplasms","mesh-ancestor"
"1229","NCT00470548","neoplasms by site","mesh-ancestor"
"1230","NCT00470548","breast diseases","mesh-ancestor"
"1231","NCT00470548","thoracic neoplasms","mesh-ancestor"
"1232","NCT00470548","lung diseases","mesh-ancestor"
"1233","NCT00470548","respiratory tract diseases","mesh-ancestor"
"1234","NCT02127892","genetic diseases, inborn","mesh-ancestor"
"1235","NCT02127892","infant, newborn, diseases","mesh-ancestor"
"1236","NCT02127892","dna repair-deficiency disorders","mesh-ancestor"
"1237","NCT02127892","metabolic diseases","mesh-ancestor"
"1238","NCT01614067","infertility","mesh-list"
"1239","NCT01829347","hepatitis a","mesh-list"
"1240","NCT01868503","breast neoplasms","mesh-list"
"1241","NCT01868503","breast neoplasms, male","mesh-list"
"1242","NCT01868503","recurrence","mesh-list"
"1243","NCT01868503","neoplasms by site","mesh-ancestor"
"1244","NCT01868503","neoplasms","mesh-ancestor"
"1245","NCT01868503","breast diseases","mesh-ancestor"
"1246","NCT01868503","skin diseases","mesh-ancestor"
"1247","NCT01868503","disease attributes","mesh-ancestor"
"1248","NCT01868503","pathologic processes","mesh-ancestor"
"1249","NCT01778855","stroke","mesh-list"
"1250","NCT01778855","ischemic stroke","mesh-list"
"1251","NCT01778855","hypothermia","mesh-list"
"1252","NCT01778855","cerebrovascular disorders","mesh-ancestor"
"1253","NCT01778855","brain diseases","mesh-ancestor"
"1254","NCT01778855","central nervous system diseases","mesh-ancestor"
"1255","NCT01778855","nervous system diseases","mesh-ancestor"
"1256","NCT01778855","vascular diseases","mesh-ancestor"
"1257","NCT01778855","cardiovascular diseases","mesh-ancestor"
"1258","NCT01778855","body temperature changes","mesh-ancestor"
"1259","NCT01406795","thrombosis","mesh-list"
"1260","NCT01406795","venous thrombosis","mesh-list"
"1261","NCT01406795","constriction, pathologic","mesh-list"
"1262","NCT01406795","pathological conditions, anatomical","mesh-ancestor"
"1263","NCT01406795","embolism and thrombosis","mesh-ancestor"
"1264","NCT01406795","vascular diseases","mesh-ancestor"
"1265","NCT01406795","cardiovascular diseases","mesh-ancestor"
"1266","NCT02175745","ependymoma","mesh-list"
"1267","NCT02093962","lung neoplasms","mesh-list"
"1268","NCT02093962","carcinoma, non-small-cell lung","mesh-list"
"1269","NCT02093962","respiratory tract neoplasms","mesh-ancestor"
"1270","NCT02093962","thoracic neoplasms","mesh-ancestor"
"1271","NCT02093962","neoplasms by site","mesh-ancestor"
"1272","NCT02093962","neoplasms","mesh-ancestor"
"1273","NCT02093962","lung diseases","mesh-ancestor"
"1274","NCT02093962","respiratory tract diseases","mesh-ancestor"
"1275","NCT02093962","carcinoma, bronchogenic","mesh-ancestor"
"1276","NCT02093962","bronchial neoplasms","mesh-ancestor"
"1277","NCT00470548","breast neoplasms","mesh-list"
"1278","NCT02127892","severe combined immunodeficiency","mesh-list"
"1279","NCT02127892","immunologic deficiency syndromes","mesh-ancestor"
"1280","NCT02127892","immune system diseases","mesh-ancestor"
"1281","NCT02127892","primary immunodeficiency diseases","mesh-ancestor"
